Year,Temperature
2000,0.39
2001,0.54
2002,0.63
2003,0.62
2004,0.53
2005,0.68
2006,0.64
2007,0.66
2008,0.54
2009,0.66
2010,0.72
2011,0.61
2012,0.65
2013,0.68
2014,0.74
2015,0.9
2016,1.01
2017,0.92
2018,0.85
2019,0.98
2020,1.02