Year ,Mhl 
2000,277
2001,263
2002,255
2003,262
2004,295
2005,276
2006,283
2007,268
2008,269
2009,269
2010,262
2011,268
2012,261
2013,292
2014,270
2015,276
2016,270
2017,248
2018,294
2019,258
2020,262
2021,247