Year ,Temperature,Mhl 
2000,0.39,277
2001,0.54,263
2002,0.63,255
2003,0.62,262
2004,0.53,295
2005,0.68,276
2006,0.64,283
2007,0.66,268
2008,0.54,269
2009,0.66,269
2010,0.72,262
2011,0.61,268
2012,0.65,261
2013,0.68,292
2014,0.74,270
2015,0.9,276
2016,1.01,270
2017,0.92,248
2018,0.85,294
2019,0.98,258
2020,1.02,262
,,